{
    "productDetails":[
    {
        "Product_ID": "1",
        "Product_Image":"img/s5.png",
        "Product_Name": "Samsung Galaxy S5",
        "Image_path": "\/img\/",
        "Price": "$699.99"
    },
    {
        "Product_ID": "2",
        "Product_Image":"img/xbox.png",
        "Product_Name": "Xbox One",
        "Image_path": "\/img\/",
        "Price": "$399.99"
    },
    {
        "Product_ID": "3",
        "Product_Image":"img/ps4.png",
        "Product_Name": "Playstation 4",
       "Image_path": "\/img\/",
        "Price": "$699.99"
    },
    {
        "Product_ID": "4",
        "Product_Image":"img/oneplus5.png",
        "Product_Name": "onePlus5",
       "Image_path": "\/img\/",
        
        "Price": "$699.99"
    },
    {
        "Product_ID": "5",
        "Product_Image":"img/tv.png",
        "Product_Name": "Vizio Smart TV",
        "Image_path": "\/img\/",
        "Price": "$599.99"
    },
    {
        "Product_ID": "6",
        "Product_Image":"img/surface.png",
        "Product_Name": "Microsoft Surface",
        "Image_path": "\/img\/",
        "Price": "$399.99"
    }

]
}